mae,top_k,explanation_time,size,mmd,explainer,strategy,method,kernel,g,num_bins,target_size,compression_time,unique_samples
0.014444926398092169,0.7105468749999999,108.08763575553894,8,0.024644576189624345,shap,kernel,kernel_thinning,gaussian,4,32,8.0,0.010341167449951172,8
0.00847121518459993,0.9188476562500001,157.76708698272705,16,0.010842172886901813,shap,kernel,kernel_thinning,gaussian,4,32,16.0,0.011504173278808594,16
0.007886711077139967,0.9272460937500001,256.07918643951416,32,0.005711716289999558,shap,kernel,kernel_thinning,gaussian,4,32,32.0,0.010937929153442383,32
0.0035905138157007626,0.9447265625000001,512.2594618797302,64,0.0025706555782235574,shap,kernel,kernel_thinning,gaussian,4,32,64.0,0.01159811019897461,64
0.0033675621373632212,0.9629882812500001,968.506662607193,128,0.0017802280020604577,shap,kernel,kernel_thinning,gaussian,4,32,128.0,0.011814594268798828,125
0.12423487711140838,0.71484375,105.08360481262207,8,0.9056603221747059,shap,kernel,kernel_thinning,sobolev,4,32,8.0,0.04443240165710449,2
0.11811741398462053,0.71787109375,152.70678424835205,16,0.9452197918324935,shap,kernel,kernel_thinning,sobolev,4,32,16.0,0.044632673263549805,2
0.11817676194030884,0.7185546875,257.413521528244,32,0.9452197918324935,shap,kernel,kernel_thinning,sobolev,4,32,32.0,0.04457974433898926,2
0.1195692111905968,0.71708984375,526.4187254905701,64,0.9338650806680465,shap,kernel,kernel_thinning,sobolev,4,32,64.0,0.0446317195892334,2
0.11959450186701769,0.71611328125,974.0208387374878,128,0.9338650806680465,shap,kernel,kernel_thinning,sobolev,4,32,128.0,0.08322596549987793,2
0.014051664047155474,0.712109375,107.081130027771,8,0.02535604589457574,shap,kernel,kernel_thinning,inverse_multiquadric,4,32,8.0,0.01720118522644043,8
0.008553080530086275,0.9310546875000001,152.10810327529907,16,0.012535418488208494,shap,kernel,kernel_thinning,inverse_multiquadric,4,32,16.0,0.009965658187866211,16
0.00475964851125203,0.9331054687500001,248.41463160514832,32,0.005727992967521689,shap,kernel,kernel_thinning,inverse_multiquadric,4,32,32.0,0.010912895202636719,32
0.0036385307133651986,0.9666015625000001,526.4351568222046,64,0.0029473385485638826,shap,kernel,kernel_thinning,inverse_multiquadric,4,32,64.0,0.009922504425048828,64
0.003635765290423287,0.9666992187500001,978.5227398872375,128,0.0018839751602867105,shap,kernel,kernel_thinning,inverse_multiquadric,4,32,128.0,0.010024785995483398,126
0.014221421287855803,0.714453125,109.88741660118103,8,0.02536009997160904,shap,kernel,kernel_thinning,matern,4,32,8.0,0.013647079467773438,8
0.00798522928918163,0.9263671875,153.32665467262268,16,0.011543369040693974,shap,kernel,kernel_thinning,matern,4,32,16.0,0.01392984390258789,16
0.0043554435420686405,0.92060546875,255.41179060935974,32,0.004675366549993565,shap,kernel,kernel_thinning,matern,4,32,32.0,0.013581037521362305,32
0.003848462411172836,0.9515625000000001,525.2475879192352,64,0.0030184061894550362,shap,kernel,kernel_thinning,matern,4,32,64.0,0.013746023178100586,64
0.0021849234437142273,0.9605468750000001,987.0197863578796,128,0.0017423274625294471,shap,kernel,kernel_thinning,matern,4,32,128.0,0.013836860656738281,128
0.014419769932937749,0.70966796875,106.4054536819458,8,0.024644576189624345,shap,kernel,kernel_thinning,gaussian,4,32,8.0,0.012674808502197266,8
0.008410302991005158,0.9206054687500002,150.08158946037292,16,0.010842172886901813,shap,kernel,kernel_thinning,gaussian,4,32,16.0,0.010890722274780273,16
0.004072050088019081,0.9475585937500001,257.9135663509369,32,0.005393333486871654,shap,kernel,kernel_thinning,gaussian,4,32,32.0,0.010869741439819336,32
0.003629901784164913,0.9419921875,531.4586157798767,64,0.002821890320312881,shap,kernel,kernel_thinning,gaussian,4,32,64.0,0.010918140411376953,63
0.0031486344841745386,0.9715820312500001,982.8188045024872,128,0.0017186926245111867,shap,kernel,kernel_thinning,gaussian,4,32,128.0,0.01238703727722168,126
0.1242863508580756,0.7132812500000001,108.29491400718689,8,0.9056603221747059,shap,kernel,kernel_thinning,sobolev,4,32,8.0,0.044707298278808594,2
0.11804628380705742,0.7185546875,154.73548913002014,16,0.9452197918324935,shap,kernel,kernel_thinning,sobolev,4,32,16.0,0.0449070930480957,2
0.11806284887567099,0.7186523437500001,261.24362421035767,32,0.9452197918324935,shap,kernel,kernel_thinning,sobolev,4,32,32.0,0.04452991485595703,2
0.11954569279867638,0.7173828125,524.0276584625244,64,0.9338650806680465,shap,kernel,kernel_thinning,sobolev,4,32,64.0,0.04686093330383301,2
0.11957024624525255,0.7177734375,983.4919202327728,128,0.9338650806680465,shap,kernel,kernel_thinning,sobolev,4,32,128.0,0.04452037811279297,2
0.014070398217648574,0.7129882812499999,106.9274377822876,8,0.02535604589457574,shap,kernel,kernel_thinning,inverse_multiquadric,4,32,8.0,0.010004997253417969,8
0.008560991823659861,0.9304687500000001,157.061443567276,16,0.012535418488208494,shap,kernel,kernel_thinning,inverse_multiquadric,4,32,16.0,0.020214319229125977,16
0.0045845846042399455,0.9277343750000001,257.89439725875854,32,0.005982274043632607,shap,kernel,kernel_thinning,inverse_multiquadric,4,32,32.0,0.010136604309082031,32
0.0033236190674156446,0.94775390625,536.3846039772034,64,0.002978382364583254,shap,kernel,kernel_thinning,inverse_multiquadric,4,32,64.0,0.01002192497253418,64
0.003252526838874111,0.9697265625,990.0000839233398,128,0.0017842120409866657,shap,kernel,kernel_thinning,inverse_multiquadric,4,32,128.0,0.010284185409545898,125
0.014196266724060522,0.7138671875,109.47007870674133,8,0.02536009997160904,shap,kernel,kernel_thinning,matern,4,32,8.0,0.013576507568359375,8
0.007988669676018965,0.9265625000000002,152.19484853744507,16,0.011543369040693974,shap,kernel,kernel_thinning,matern,4,32,16.0,0.014495849609375,16
0.004409350220239263,0.9405273437500001,253.9729528427124,32,0.00503997328451411,shap,kernel,kernel_thinning,matern,4,32,32.0,0.013888359069824219,32
0.0038134918640192333,0.9569335937500001,523.3248405456543,64,0.002860954121352677,shap,kernel,kernel_thinning,matern,4,32,64.0,0.0137481689453125,64
0.0022200377007019823,0.96982421875,947.9043765068054,128,0.001866996368283691,shap,kernel,kernel_thinning,matern,4,32,128.0,0.014107942581176758,128
0.014437249393924868,0.71103515625,105.96283078193665,8,0.024644576189624345,shap,kernel,kernel_thinning,gaussian,4,32,8.0,0.011519193649291992,8
0.008453333116221389,0.9199218750000001,148.38588547706604,16,0.010842172886901813,shap,kernel,kernel_thinning,gaussian,4,32,16.0,0.010871648788452148,16
0.007485420755543545,0.94140625,246.68036675453186,32,0.005765371169348721,shap,kernel,kernel_thinning,gaussian,4,32,32.0,0.0108642578125,32
0.0038905139622991765,0.9553710937500002,512.4686305522919,64,0.0028539594489477293,shap,kernel,kernel_thinning,gaussian,4,32,64.0,0.010934591293334961,63
0.0032370429495413755,0.96435546875,964.2618722915649,128,0.0016471193671554474,shap,kernel,kernel_thinning,gaussian,4,32,128.0,0.02427196502685547,123
0.12428840876277547,0.714453125,103.08152198791504,8,0.9056603221747059,shap,kernel,kernel_thinning,sobolev,4,32,8.0,0.04479479789733887,2
0.11804176278128284,0.71875,146.6079819202423,16,0.9452197918324935,shap,kernel,kernel_thinning,sobolev,4,32,16.0,0.044904470443725586,2
0.11819193588232399,0.71845703125,248.94491505622864,32,0.9452197918324935,shap,kernel,kernel_thinning,sobolev,4,32,32.0,0.04450821876525879,2
0.11966609696415775,0.71640625,514.8483576774597,64,0.9338650806680465,shap,kernel,kernel_thinning,sobolev,4,32,64.0,0.04459643363952637,2
0.11952355610621328,0.71708984375,949.2961330413818,128,0.9338650806680465,shap,kernel,kernel_thinning,sobolev,4,32,128.0,0.04491615295410156,2
0.014060767234427748,0.7127929687500001,105.10807728767395,8,0.02535604589457574,shap,kernel,kernel_thinning,inverse_multiquadric,4,32,8.0,0.0104217529296875,8
0.00855288958731302,0.9318359375,149.98804688453674,16,0.012535418488208494,shap,kernel,kernel_thinning,inverse_multiquadric,4,32,16.0,0.010248422622680664,16
0.0043297757738164425,0.9305664062500001,247.1916995048523,32,0.004936233943957813,shap,kernel,kernel_thinning,inverse_multiquadric,4,32,32.0,0.010290145874023438,32
0.0034637954237773357,0.9603515625000001,505.5582935810089,64,0.00289926392632478,shap,kernel,kernel_thinning,inverse_multiquadric,4,32,64.0,0.010009288787841797,63
0.0032333520993554923,0.97021484375,973.0449273586273,128,0.001728028815784155,shap,kernel,kernel_thinning,inverse_multiquadric,4,32,128.0,0.011498451232910156,124
0.014207285768771965,0.71357421875,102.69757962226868,8,0.02536009997160904,shap,kernel,kernel_thinning,matern,4,32,8.0,0.013784408569335938,8
0.008008353185411241,0.9257812500000001,150.63101434707642,16,0.011543369040693974,shap,kernel,kernel_thinning,matern,4,32,16.0,0.013572216033935547,16
0.0038883114036150947,0.93798828125,255.90421104431152,32,0.0050565937533840755,shap,kernel,kernel_thinning,matern,4,32,32.0,0.013616561889648438,32
0.003649432262165049,0.9368164062500002,522.5780091285706,64,0.0028287802499369352,shap,kernel,kernel_thinning,matern,4,32,64.0,0.013671398162841797,64
0.003389735931468852,0.96455078125,972.9826259613037,128,0.0019169125938069964,shap,kernel,kernel_thinning,matern,4,32,128.0,0.014107465744018555,128
0.014471104951973771,0.7052734374999999,106.53086853027344,8,0.02283104639117528,shap,kernel,kernel_thinning,gaussian,4,32,8.0,0.013508796691894531,8
0.008451031497078772,0.9185546875000001,149.64231896400452,16,0.01077178723061678,shap,kernel,kernel_thinning,gaussian,4,32,16.0,0.01086568832397461,16
0.004587792572842665,0.9333984375000002,249.2280797958374,32,0.005409968354548544,shap,kernel,kernel_thinning,gaussian,4,32,32.0,0.010973930358886719,32
0.004146165006880563,0.9354492187500001,525.8351709842682,64,0.0025995214646479248,shap,kernel,kernel_thinning,gaussian,4,32,64.0,0.011178970336914062,63
0.0032957562698789924,0.9662109375000001,970.9011633396149,128,0.0017740895398026257,shap,kernel,kernel_thinning,gaussian,4,32,128.0,0.011061906814575195,122
0.12433424668701212,0.7132812500000001,107.89296174049377,8,0.9056603221747059,shap,kernel,kernel_thinning,sobolev,4,32,8.0,0.04449200630187988,2
0.1181083480085337,0.7166015625,153.07151246070862,16,0.9452197918324935,shap,kernel,kernel_thinning,sobolev,4,32,16.0,0.04440569877624512,2
0.11810070368701127,0.716015625,265.98323607444763,32,0.9452197918324935,shap,kernel,kernel_thinning,sobolev,4,32,32.0,0.04477715492248535,2
0.11963064456244114,0.715625,513.9200413227081,64,0.9338650806680465,shap,kernel,kernel_thinning,sobolev,4,32,64.0,0.044541120529174805,2
0.11966522215398953,0.71591796875,955.7974736690521,128,0.9338650806680465,shap,kernel,kernel_thinning,sobolev,4,32,128.0,0.04486393928527832,2
0.01405003890129492,0.71357421875,107.57995557785034,8,0.02535604589457574,shap,kernel,kernel_thinning,inverse_multiquadric,4,32,8.0,0.011271953582763672,8
0.008578592604000707,0.930859375,155.68337655067444,16,0.012535418488208494,shap,kernel,kernel_thinning,inverse_multiquadric,4,32,16.0,0.00992584228515625,16
0.0037841534060595555,0.9481445312500001,270.4194805622101,32,0.0053491675330697985,shap,kernel,kernel_thinning,inverse_multiquadric,4,32,32.0,0.009968757629394531,32
0.0031709556058341104,0.9690429687500001,542.3782603740692,64,0.0028833265676030395,shap,kernel,kernel_thinning,inverse_multiquadric,4,32,64.0,0.01002955436706543,64
0.003226764792987378,0.9680664062500001,992.7748236656189,128,0.001645072745336984,shap,kernel,kernel_thinning,inverse_multiquadric,4,32,128.0,0.010590314865112305,125
0.014217629545848674,0.7138671875,109.1583104133606,8,0.02536009997160904,shap,kernel,kernel_thinning,matern,4,32,8.0,0.030984878540039062,8
0.008020354519127004,0.9255859375000001,152.52741646766663,16,0.011543369040693974,shap,kernel,kernel_thinning,matern,4,32,16.0,0.014491081237792969,16
0.0038041679393272672,0.9325195312500001,276.05210518836975,32,0.005182484153340883,shap,kernel,kernel_thinning,matern,4,32,32.0,0.013661384582519531,32
0.003165120702935409,0.9712890625,539.0313169956207,64,0.0028463084112106962,shap,kernel,kernel_thinning,matern,4,32,64.0,0.014040708541870117,64
0.002231448532730958,0.9658203125,1006.7579209804535,128,0.001903885037860209,shap,kernel,kernel_thinning,matern,4,32,128.0,0.014243841171264648,128
0.014457491092831702,0.70576171875,106.42640733718872,8,0.02283104639117528,shap,kernel,kernel_thinning,gaussian,4,32,8.0,0.01083827018737793,8
0.008424807773472714,0.9197265625000001,153.5551450252533,16,0.01077178723061678,shap,kernel,kernel_thinning,gaussian,4,32,16.0,0.011008977890014648,16
0.004315535788557281,0.9319335937500001,266.5878236293793,32,0.005510318993234953,shap,kernel,kernel_thinning,gaussian,4,32,32.0,0.011766433715820312,32
0.0037289056578424834,0.94052734375,522.0189564228058,64,0.002731038698206678,shap,kernel,kernel_thinning,gaussian,4,32,64.0,0.010967493057250977,64
0.0023925000745602994,0.9605468750000001,980.0241632461548,128,0.0018483638774708933,shap,kernel,kernel_thinning,gaussian,4,32,128.0,0.011008262634277344,124
0.12435895294017937,0.7141601562500001,105.97608470916748,8,0.9056603221747059,shap,kernel,kernel_thinning,sobolev,4,32,8.0,0.04483604431152344,2
0.11808145166306874,0.71845703125,151.18229150772095,16,0.9452197918324935,shap,kernel,kernel_thinning,sobolev,4,32,16.0,0.04461359977722168,2
0.11807959223429723,0.71787109375,269.78462314605713,32,0.9452197918324935,shap,kernel,kernel_thinning,sobolev,4,32,32.0,0.05043292045593262,2
0.11953243418981188,0.71708984375,522.6487348079681,64,0.9338650806680465,shap,kernel,kernel_thinning,sobolev,4,32,64.0,0.04485058784484863,2
0.11953491760536995,0.716015625,977.1615903377533,128,0.9338650806680465,shap,kernel,kernel_thinning,sobolev,4,32,128.0,0.04511904716491699,2
0.01405927864026166,0.713671875,104.95557999610901,8,0.02535604589457574,shap,kernel,kernel_thinning,inverse_multiquadric,4,32,8.0,0.010312318801879883,8
0.008553643635295203,0.9318359375,150.25571274757385,16,0.012535418488208494,shap,kernel,kernel_thinning,inverse_multiquadric,4,32,16.0,0.011173009872436523,16
0.003972333521554523,0.9209960937500001,266.2117826938629,32,0.0053889013336871905,shap,kernel,kernel_thinning,inverse_multiquadric,4,32,32.0,0.010250568389892578,32
0.00358819861281187,0.96533203125,525.7682459354401,64,0.0031109407932695676,shap,kernel,kernel_thinning,inverse_multiquadric,4,32,64.0,0.010329961776733398,63
0.003173214174277346,0.9649414062500001,979.4386253356934,128,0.0018258005413192002,shap,kernel,kernel_thinning,inverse_multiquadric,4,32,128.0,0.01034092903137207,125
0.014232169205649445,0.7135742187499999,106.95478129386902,8,0.02536009997160904,shap,kernel,kernel_thinning,matern,4,32,8.0,0.016698360443115234,8
0.00805233194886829,0.9283203125000001,151.23693323135376,16,0.011543369040693974,shap,kernel,kernel_thinning,matern,4,32,16.0,0.01363515853881836,16
0.003867018543401107,0.9335937500000001,268.2520046234131,32,0.005026277956094671,shap,kernel,kernel_thinning,matern,4,32,32.0,0.014076948165893555,32
0.003916396910894726,0.9638671875000001,485.39691138267517,64,0.0028545758335266624,shap,kernel,kernel_thinning,matern,4,32,64.0,0.013703584671020508,64
0.002254483620736423,0.9584960937500001,905.9467899799347,128,0.0018569748676507958,shap,kernel,kernel_thinning,matern,4,32,128.0,0.013804435729980469,128
0.014407636906205924,0.7107421875,103.92705941200256,8,0.024644576189624345,shap,kernel,kernel_thinning,gaussian,4,32,8.0,0.010986328125,8
0.008418429366191771,0.919140625,146.39227509498596,16,0.010842172886901813,shap,kernel,kernel_thinning,gaussian,4,32,16.0,0.011000871658325195,16
0.008102269800330887,0.9296875000000001,256.5264310836792,32,0.005432639159751007,shap,kernel,kernel_thinning,gaussian,4,32,32.0,0.010894536972045898,32
0.0033948120799268274,0.9643554687500001,541.9203050136566,64,0.0025770531490862947,shap,kernel,kernel_thinning,gaussian,4,32,64.0,0.010976552963256836,63
0.0021813492073772247,0.9628906250000001,1033.7174816131592,128,0.00188109687744753,shap,kernel,kernel_thinning,gaussian,4,32,128.0,0.01136922836303711,123
0.12431624714364369,0.7132812500000001,114.65386390686035,8,0.9056603221747059,shap,kernel,kernel_thinning,sobolev,4,32,8.0,0.04507851600646973,2
0.11805387836778411,0.7186523437500001,171.3684802055359,16,0.9452197918324935,shap,kernel,kernel_thinning,sobolev,4,32,16.0,0.045270681381225586,2
0.11807062865825124,0.718359375,301.2961485385895,32,0.9452197918324935,shap,kernel,kernel_thinning,sobolev,4,32,32.0,0.044644832611083984,2
0.11966223378394661,0.71689453125,619.4218201637268,64,0.9338650806680465,shap,kernel,kernel_thinning,sobolev,4,32,64.0,0.04508256912231445,2
0.1195908898467526,0.716796875,1154.6058855056763,128,0.9338650806680465,shap,kernel,kernel_thinning,sobolev,4,32,128.0,0.044591665267944336,2
0.014064584970707884,0.7132812500000001,112.30733966827393,8,0.02535604589457574,shap,kernel,kernel_thinning,inverse_multiquadric,4,32,8.0,0.01031184196472168,8
0.008577479372256372,0.93017578125,182.92548775672913,16,0.012535418488208494,shap,kernel,kernel_thinning,inverse_multiquadric,4,32,16.0,0.01098322868347168,16
0.004073715045357017,0.9403320312500001,315.5970594882965,32,0.006075590879325521,shap,kernel,kernel_thinning,inverse_multiquadric,4,32,32.0,0.02115345001220703,32
0.0036322080447688736,0.9637695312500001,605.364006280899,64,0.0030225855561902826,shap,kernel,kernel_thinning,inverse_multiquadric,4,32,64.0,0.01108241081237793,63
0.0035643641594551505,0.9652343750000001,1134.1549139022827,128,0.0018474079986769976,shap,kernel,kernel_thinning,inverse_multiquadric,4,32,128.0,0.010736465454101562,124
0.014198671550068926,0.71298828125,116.37029790878296,8,0.02536009997160904,shap,kernel,kernel_thinning,matern,4,32,8.0,0.014395475387573242,8
0.007991033974996477,0.9266601562500001,176.0550308227539,16,0.011543369040693974,shap,kernel,kernel_thinning,matern,4,32,16.0,0.013776779174804688,16
0.0034836821311659515,0.9467773437500001,315.6252739429474,32,0.005546168687040165,shap,kernel,kernel_thinning,matern,4,32,32.0,0.014207839965820312,32
0.006746820246193273,0.93671875,611.9350156784058,64,0.003178094106798812,shap,kernel,kernel_thinning,matern,4,32,64.0,0.014211177825927734,64
0.0019855132346628364,0.97099609375,1115.077864408493,128,0.0017982514354762946,shap,kernel,kernel_thinning,matern,4,32,128.0,0.013729333877563477,128
0.014415295966710262,0.709765625,120.86381268501282,8,0.024644576189624345,shap,kernel,kernel_thinning,gaussian,4,32,8.0,0.011546850204467773,8
0.008427276744886945,0.9198242187500001,166.6011083126068,16,0.010842172886901813,shap,kernel,kernel_thinning,gaussian,4,32,16.0,0.011260271072387695,16
0.008001215791195945,0.9177734375000001,314.78535079956055,32,0.005063121629952816,shap,kernel,kernel_thinning,gaussian,4,32,32.0,0.011363744735717773,32
0.00356735139570098,0.93818359375,605.7149868011475,64,0.0028171985326931326,shap,kernel,kernel_thinning,gaussian,4,32,64.0,0.010934591293334961,63
0.004748494571463767,0.959765625,1124.958827972412,128,0.001775541257918456,shap,kernel,kernel_thinning,gaussian,4,32,128.0,0.01168513298034668,124
0.12423511927438587,0.7140625,120.12180352210999,8,0.9056603221747059,shap,kernel,kernel_thinning,sobolev,4,32,8.0,0.04542732238769531,2
0.11811842039769103,0.71875,171.86434268951416,16,0.9452197918324935,shap,kernel,kernel_thinning,sobolev,4,32,16.0,0.04463529586791992,2
0.11812983000280103,0.71826171875,311.5631880760193,32,0.9452197918324935,shap,kernel,kernel_thinning,sobolev,4,32,32.0,0.04479217529296875,2
0.11959099654964847,0.7171875,618.9126374721527,64,0.9338650806680465,shap,kernel,kernel_thinning,sobolev,4,32,64.0,0.04605865478515625,2
0.11957948920124767,0.71689453125,1140.4105517864227,128,0.9338650806680465,shap,kernel,kernel_thinning,sobolev,4,32,128.0,0.045233726501464844,2
0.014057230890296141,0.71298828125,120.79788851737976,8,0.02535604589457574,shap,kernel,kernel_thinning,inverse_multiquadric,4,32,8.0,0.009952783584594727,8
0.008584824055172833,0.9310546875000001,168.1778576374054,16,0.012535418488208494,shap,kernel,kernel_thinning,inverse_multiquadric,4,32,16.0,0.010280609130859375,16
0.0036008909444320294,0.9353515625000001,309.4126651287079,32,0.005321343554442137,shap,kernel,kernel_thinning,inverse_multiquadric,4,32,32.0,0.009936332702636719,32
0.007021315306164559,0.9359375000000001,604.521657705307,64,0.0029274846569464774,shap,kernel,kernel_thinning,inverse_multiquadric,4,32,64.0,0.01031804084777832,62
0.002132772087623744,0.962109375,1079.5885837078094,128,0.0019488332211591297,shap,kernel,kernel_thinning,inverse_multiquadric,4,32,128.0,0.010239601135253906,124
0.014210692582054988,0.7146484375,117.03172087669373,8,0.02536009997160904,shap,kernel,kernel_thinning,matern,4,32,8.0,0.013559103012084961,8
0.00802604740203732,0.9276367187500001,175.1151840686798,16,0.011543369040693974,shap,kernel,kernel_thinning,matern,4,32,16.0,0.014887571334838867,16
0.004675553489874843,0.9299804687500002,313.9164204597473,32,0.006391872818846678,shap,kernel,kernel_thinning,matern,4,32,32.0,0.013913631439208984,32
0.007533028530755083,0.9217773437500001,637.8354825973511,64,0.0030418327682237845,shap,kernel,kernel_thinning,matern,4,32,64.0,0.014551162719726562,64
0.0020737465848389854,0.972265625,1184.65780711174,128,0.0017896795384645392,shap,kernel,kernel_thinning,matern,4,32,128.0,0.015476703643798828,128
0.014415193784005272,0.7099609375,119.64936351776123,8,0.024644576189624345,shap,kernel,kernel_thinning,gaussian,4,32,8.0,0.011628866195678711,8
0.00840381064994813,0.9200195312500001,154.24736642837524,16,0.010842172886901813,shap,kernel,kernel_thinning,gaussian,4,32,16.0,0.010847806930541992,16
0.0049646101779354645,0.94306640625,273.0199816226959,32,0.005129726610003105,shap,kernel,kernel_thinning,gaussian,4,32,32.0,0.01086878776550293,32
0.004044819865231758,0.9639648437500001,534.7843573093414,64,0.0027231355671349933,shap,kernel,kernel_thinning,gaussian,4,32,64.0,0.01807856559753418,62
0.0019150177307641172,0.9681640625,1143.4011642932892,128,0.001796045025679316,shap,kernel,kernel_thinning,gaussian,4,32,128.0,0.011387109756469727,120
0.12424529900394618,0.7137695312500001,120.78898286819458,8,0.9056603221747059,shap,kernel,kernel_thinning,sobolev,4,32,8.0,0.046111345291137695,2
0.11804581426529842,0.71708984375,176.53458714485168,16,0.9452197918324935,shap,kernel,kernel_thinning,sobolev,4,32,16.0,0.04445528984069824,2
0.11813651167034507,0.7185546875000001,307.1228492259979,32,0.9452197918324935,shap,kernel,kernel_thinning,sobolev,4,32,32.0,0.044801950454711914,2
0.11958795795462619,0.71640625,628.2414891719818,64,0.9338650806680465,shap,kernel,kernel_thinning,sobolev,4,32,64.0,0.04494500160217285,2
0.11966301413304412,0.71630859375,1219.3416574001312,128,0.9338650806680465,shap,kernel,kernel_thinning,sobolev,4,32,128.0,0.044577598571777344,2
0.014065278582048488,0.71259765625,123.90957736968994,8,0.02535604589457574,shap,kernel,kernel_thinning,inverse_multiquadric,4,32,8.0,0.009952306747436523,8
0.008551576536281151,0.9309570312500002,178.46666502952576,16,0.012535418488208494,shap,kernel,kernel_thinning,inverse_multiquadric,4,32,16.0,0.010496854782104492,16
0.0036932604978939985,0.9325195312500001,307.7151346206665,32,0.005827468302018302,shap,kernel,kernel_thinning,inverse_multiquadric,4,32,32.0,0.01047372817993164,31
0.0036955597287187743,0.96357421875,611.9647228717804,64,0.0029063845873247285,shap,kernel,kernel_thinning,inverse_multiquadric,4,32,64.0,0.010480642318725586,64
0.002151761261682069,0.96357421875,1201.4066145420074,128,0.0018519468259745597,shap,kernel,kernel_thinning,inverse_multiquadric,4,32,128.0,0.011071920394897461,122
0.014209272538374337,0.7145507812499999,122.99600911140442,8,0.02536009997160904,shap,kernel,kernel_thinning,matern,4,32,8.0,0.014091253280639648,8
0.008005954336357438,0.9292968750000001,172.08222913742065,16,0.011543369040693974,shap,kernel,kernel_thinning,matern,4,32,16.0,0.013699054718017578,16
0.0038662178101391506,0.9356445312500001,318.47310638427734,32,0.005275807450348724,shap,kernel,kernel_thinning,matern,4,32,32.0,0.015537500381469727,32
0.0073531670527820425,0.9278320312500001,654.2789034843445,64,0.0031061007334328705,shap,kernel,kernel_thinning,matern,4,32,64.0,0.014213323593139648,64
0.002121476151419727,0.9669921875,1215.6786894798279,128,0.0018149636044981765,shap,kernel,kernel_thinning,matern,4,32,128.0,0.014268159866333008,128
0.014401220777773074,0.70927734375,111.21939873695374,8,0.024644576189624345,shap,kernel,kernel_thinning,gaussian,4,32,8.0,0.01396036148071289,8
0.008410822671872084,0.9200195312500001,164.91062092781067,16,0.010842172886901813,shap,kernel,kernel_thinning,gaussian,4,32,16.0,0.011037349700927734,16
0.008494075075135313,0.92939453125,314.6718554496765,32,0.0053607144564419285,shap,kernel,kernel_thinning,gaussian,4,32,32.0,0.011160612106323242,32
0.003654463640100801,0.9609375,638.4119210243225,64,0.002737124864328311,shap,kernel,kernel_thinning,gaussian,4,32,64.0,0.011045217514038086,63
0.0021500924955046167,0.9681640625000001,1185.8154830932617,128,0.0018525859012568091,shap,kernel,kernel_thinning,gaussian,4,32,128.0,0.011271476745605469,122
0.12427047956184314,0.7142578125000001,120.54469728469849,8,0.9056603221747059,shap,kernel,kernel_thinning,sobolev,4,32,8.0,0.060936689376831055,2
0.1180611676472835,0.7176757812500001,184.7168574333191,16,0.9452197918324935,shap,kernel,kernel_thinning,sobolev,4,32,16.0,0.04455924034118652,2
0.11809643813051073,0.71845703125,336.283447265625,32,0.9452197918324935,shap,kernel,kernel_thinning,sobolev,4,32,32.0,0.044646501541137695,2
0.11961473344287953,0.71669921875,660.986266374588,64,0.9338650806680465,shap,kernel,kernel_thinning,sobolev,4,32,64.0,0.05776095390319824,2
0.1196420035182437,0.716015625,1161.5655119419098,128,0.9338650806680465,shap,kernel,kernel_thinning,sobolev,4,32,128.0,0.04636120796203613,2
0.014079914728658266,0.71337890625,120.55017590522766,8,0.02535604589457574,shap,kernel,kernel_thinning,inverse_multiquadric,4,32,8.0,0.010484933853149414,8
0.008568789472080767,0.9318359375,181.30983972549438,16,0.012535418488208494,shap,kernel,kernel_thinning,inverse_multiquadric,4,32,16.0,0.010435104370117188,16
0.003411269219515834,0.9377929687500001,325.73014092445374,32,0.005603786623509688,shap,kernel,kernel_thinning,inverse_multiquadric,4,32,32.0,0.010667085647583008,32
0.0036027476701941522,0.9670898437500001,638.0842051506042,64,0.0027866516139620767,shap,kernel,kernel_thinning,inverse_multiquadric,4,32,64.0,0.011066198348999023,64
0.0031183745889346547,0.968359375,1205.4010257720947,128,0.0018902255041162164,shap,kernel,kernel_thinning,inverse_multiquadric,4,32,128.0,0.010438680648803711,125
0.014206569911241492,0.71416015625,122.89245176315308,8,0.02536009997160904,shap,kernel,kernel_thinning,matern,4,32,8.0,0.014082193374633789,8
0.008051471136993558,0.9267578125,182.5527184009552,16,0.011543369040693974,shap,kernel,kernel_thinning,matern,4,32,16.0,0.014137744903564453,16
0.007686344151931797,0.92431640625,329.09919810295105,32,0.005524408917338963,shap,kernel,kernel_thinning,matern,4,32,32.0,0.015317678451538086,32
0.00393607002494195,0.9341796875000001,619.8184967041016,64,0.0027448131940744913,shap,kernel,kernel_thinning,matern,4,32,64.0,0.014106988906860352,64
0.0017964837381192085,0.9728515625,1164.6743042469025,128,0.001832768550850683,shap,kernel,kernel_thinning,matern,4,32,128.0,0.014204740524291992,128
0.014401750890734259,0.71142578125,124.3741705417633,8,0.024644576189624345,shap,kernel,kernel_thinning,gaussian,4,32,8.0,0.0114288330078125,8
0.008438912219937653,0.9194335937500001,173.1868977546692,16,0.010842172886901813,shap,kernel,kernel_thinning,gaussian,4,32,16.0,0.011443614959716797,16
0.005140608923677273,0.92646484375,317.9248511791229,32,0.005133594486725457,shap,kernel,kernel_thinning,gaussian,4,32,32.0,0.01173257827758789,32
0.003632711039880032,0.93662109375,649.3218855857849,64,0.0026216971991037674,shap,kernel,kernel_thinning,gaussian,4,32,64.0,0.011150598526000977,63
0.0031835420862467664,0.96435546875,1229.087316274643,128,0.0018267783968726192,shap,kernel,kernel_thinning,gaussian,4,32,128.0,0.011026144027709961,124
0.1242754721857012,0.7138671875,117.43507933616638,8,0.9056603221747059,shap,kernel,kernel_thinning,sobolev,4,32,8.0,0.04528641700744629,2
0.11804635521145607,0.71826171875,173.34101128578186,16,0.9452197918324935,shap,kernel,kernel_thinning,sobolev,4,32,16.0,0.045271873474121094,2
0.11813588462931739,0.7173828125,307.9457812309265,32,0.9452197918324935,shap,kernel,kernel_thinning,sobolev,4,32,32.0,0.04455423355102539,2
0.11957442397463308,0.71708984375,617.7296316623688,64,0.9338650806680465,shap,kernel,kernel_thinning,sobolev,4,32,64.0,0.045519351959228516,2
0.11960091040550681,0.71669921875,1184.122570514679,128,0.9338650806680465,shap,kernel,kernel_thinning,sobolev,4,32,128.0,0.04778599739074707,2
0.014054022035491236,0.7137695312499999,121.39325308799744,8,0.02535604589457574,shap,kernel,kernel_thinning,inverse_multiquadric,4,32,8.0,0.010291099548339844,8
0.008400413937643932,0.9365234375,175.56874990463257,16,0.012708664577761208,shap,kernel,kernel_thinning,inverse_multiquadric,4,32,16.0,0.0100555419921875,16
0.003802067702900524,0.9524414062500001,325.4113461971283,32,0.005411999390936062,shap,kernel,kernel_thinning,inverse_multiquadric,4,32,32.0,0.011445283889770508,32
0.0031920515718740303,0.9524414062500001,649.3539743423462,64,0.003021961290697983,shap,kernel,kernel_thinning,inverse_multiquadric,4,32,64.0,0.010309934616088867,63
0.0028607489334865764,0.9593750000000001,1187.835477590561,128,0.0018066471417800267,shap,kernel,kernel_thinning,inverse_multiquadric,4,32,128.0,0.010148763656616211,125
0.014218072166406552,0.71240234375,108.5779025554657,8,0.02536009997160904,shap,kernel,kernel_thinning,matern,4,32,8.0,0.013916730880737305,8
0.007985701705477773,0.9260742187500002,163.6079080104828,16,0.011543369040693974,shap,kernel,kernel_thinning,matern,4,32,16.0,0.014039278030395508,16
0.003919829933336471,0.9455078125,315.1477029323578,32,0.005486922591826038,shap,kernel,kernel_thinning,matern,4,32,32.0,0.016700267791748047,32
0.0034075800966772395,0.95712890625,623.3344662189484,64,0.003095636478715025,shap,kernel,kernel_thinning,matern,4,32,64.0,0.01383066177368164,64
0.0037259568695735623,0.9587890625000001,1167.7775809764862,128,0.001884095994060253,shap,kernel,kernel_thinning,matern,4,32,128.0,0.014164447784423828,128
0.02077530026481388,0.6170898437500001,121.89444279670715,8,0.11904500907934024,shap,kernel,iid,Not needed,Not needed,Not needed,8.0,0.0003504753112792969,8
0.02591405457149261,0.8349609375,120.29939651489258,8,0.07105071436657151,shap,kernel,iid,Not needed,Not needed,Not needed,8.0,0.00022101402282714844,8
0.019813878685453742,0.60576171875,121.23855519294739,8,0.057421748697314534,shap,kernel,iid,Not needed,Not needed,Not needed,8.0,0.00025773048400878906,8
0.018554456020773165,0.671875,118.61609697341919,8,0.09254459260840453,shap,kernel,iid,Not needed,Not needed,Not needed,8.0,0.0002353191375732422,8
0.020450460640116585,0.61162109375,120.30014610290527,8,0.1440143430955213,shap,kernel,iid,Not needed,Not needed,Not needed,8.0,0.000217437744140625,8
0.017759320731010886,0.65693359375,120.36940455436707,8,0.0866163783994387,shap,kernel,iid,Not needed,Not needed,Not needed,8.0,0.00022101402282714844,8
0.024360383705145823,0.801953125,119.44320225715637,8,0.09317781281791504,shap,kernel,iid,Not needed,Not needed,Not needed,8.0,0.0002257823944091797,8
0.02112311382287361,0.64287109375,118.44465327262878,8,0.08458182115771073,shap,kernel,iid,Not needed,Not needed,Not needed,8.0,0.000225067138671875,8
0.029108289340453047,0.74130859375,121.04932522773743,8,0.08150997316268427,shap,kernel,iid,Not needed,Not needed,Not needed,8.0,0.00021314620971679688,8
0.03023329161421339,0.7293945312500001,119.71277403831482,8,0.08188930347777068,shap,kernel,iid,Not needed,Not needed,Not needed,8.0,0.000217437744140625,8
0.016642575378082353,0.70966796875,185.76876044273376,16,0.03329733480753094,shap,kernel,iid,Not needed,Not needed,Not needed,16.0,0.00023174285888671875,16
0.013822096456813326,0.8606445312500001,176.86146926879883,16,0.041602053657034954,shap,kernel,iid,Not needed,Not needed,Not needed,16.0,0.00027251243591308594,16
0.021010559911546444,0.7921875,157.363529920578,16,0.08975475897730245,shap,kernel,iid,Not needed,Not needed,Not needed,16.0,0.00021147727966308594,16
0.014226962110814863,0.71337890625,164.43084526062012,16,0.033935567674746814,shap,kernel,iid,Not needed,Not needed,Not needed,16.0,0.00024199485778808594,16
0.010370415562832906,0.8733398437500001,175.3825352191925,16,0.03072351776323634,shap,kernel,iid,Not needed,Not needed,Not needed,16.0,0.00021958351135253906,16
0.013872569612446468,0.72431640625,175.87243795394897,16,0.02571011660792677,shap,kernel,iid,Not needed,Not needed,Not needed,16.0,0.0002067089080810547,16
0.015803450757056164,0.69775390625,179.12992668151855,16,0.05223114234546766,shap,kernel,iid,Not needed,Not needed,Not needed,16.0,0.0002315044403076172,16
0.015022951467785846,0.8492187500000001,179.62530136108398,16,0.04489807235151688,shap,kernel,iid,Not needed,Not needed,Not needed,16.0,0.0002884864807128906,16
0.014619078664000478,0.81005859375,170.52250027656555,16,0.027712318475556663,shap,kernel,iid,Not needed,Not needed,Not needed,16.0,0.00021576881408691406,16
0.012479669847265694,0.8355468750000001,183.30170559883118,16,0.043569117491602194,shap,kernel,iid,Not needed,Not needed,Not needed,16.0,0.00021338462829589844,16
0.00697457048814236,0.8765625000000001,322.62586975097656,32,0.01653116978844582,shap,kernel,iid,Not needed,Not needed,Not needed,32.0,0.00020837783813476562,32
0.012259200854493618,0.8783203125000001,326.7730791568756,32,0.028175833051345855,shap,kernel,iid,Not needed,Not needed,Not needed,32.0,0.00023484230041503906,32
0.011980033653420583,0.8531250000000001,317.98214387893677,32,0.01902820270150074,shap,kernel,iid,Not needed,Not needed,Not needed,32.0,0.00020551681518554688,32
0.009649284624335893,0.8826171875000001,330.3820035457611,32,0.021464827659323116,shap,kernel,iid,Not needed,Not needed,Not needed,32.0,0.0002155303955078125,32
0.007162589116913518,0.8813476562500001,329.84804224967957,32,0.023323131625299864,shap,kernel,iid,Not needed,Not needed,Not needed,32.0,0.00021958351135253906,32
0.01658667277570853,0.8650390625000001,333.4738886356354,32,0.018830950888349296,shap,kernel,iid,Not needed,Not needed,Not needed,32.0,0.0002281665802001953,32
0.01134151207153021,0.8877929687500001,327.8997483253479,32,0.025350235052513215,shap,kernel,iid,Not needed,Not needed,Not needed,32.0,0.0002224445343017578,32
0.015265986959314772,0.8987304687500002,334.38750982284546,32,0.01467968554219512,shap,kernel,iid,Not needed,Not needed,Not needed,32.0,0.0002086162567138672,32
0.007488949872139038,0.8589843750000001,309.32232761383057,32,0.015540163188882294,shap,kernel,iid,Not needed,Not needed,Not needed,32.0,0.00019669532775878906,32
0.010702694734384465,0.8868164062500001,299.0081925392151,32,0.017887085496344546,shap,kernel,iid,Not needed,Not needed,Not needed,32.0,0.0002181529998779297,32
0.007862565105294542,0.8901367187500001,640.4823215007782,64,0.009813399573986414,shap,kernel,iid,Not needed,Not needed,Not needed,64.0,0.00026035308837890625,64
0.005791708527792325,0.9019531250000001,646.2416939735413,64,0.00814879699128257,shap,kernel,iid,Not needed,Not needed,Not needed,64.0,0.00019812583923339844,64
0.010181224731134102,0.7892578125,626.9540772438049,64,0.010268853841389647,shap,kernel,iid,Not needed,Not needed,Not needed,64.0,0.00021648406982421875,64
0.009559527178406519,0.7943359375000001,661.6059880256653,64,0.010704231180104662,shap,kernel,iid,Not needed,Not needed,Not needed,64.0,0.0002880096435546875,64
0.0038988964513011143,0.9467773437500001,649.1837332248688,64,0.00909295681051736,shap,kernel,iid,Not needed,Not needed,Not needed,64.0,0.0002872943878173828,64
0.005023762418939563,0.9377929687500001,645.111218214035,64,0.007891343200467471,shap,kernel,iid,Not needed,Not needed,Not needed,64.0,0.00022673606872558594,64
0.00819853231825029,0.8289062500000001,614.3427994251251,64,0.005119630250633889,shap,kernel,iid,Not needed,Not needed,Not needed,64.0,0.00019860267639160156,64
0.008531687673384244,0.8599609375000001,659.990532875061,64,0.011307896324043387,shap,kernel,iid,Not needed,Not needed,Not needed,64.0,0.00024008750915527344,64
0.00785464881573233,0.87314453125,658.4464933872223,64,0.0117379115069417,shap,kernel,iid,Not needed,Not needed,Not needed,64.0,0.0002338886260986328,64
0.004921138207445932,0.91962890625,627.6499991416931,64,0.005429872143913772,shap,kernel,iid,Not needed,Not needed,Not needed,64.0,0.0002238750457763672,64
0.006415491727129155,0.8803710937500001,1230.6942024230957,128,0.0032382310616382304,shap,kernel,iid,Not needed,Not needed,Not needed,128.0,0.00024199485778808594,128
0.006011677715816132,0.9354492187500001,1151.386766910553,128,0.004026806330672428,shap,kernel,iid,Not needed,Not needed,Not needed,128.0,0.00023698806762695312,128
0.012905135895086638,0.9099609375000002,1246.5079715251923,128,0.004668340832596263,shap,kernel,iid,Not needed,Not needed,Not needed,128.0,0.00021028518676757812,128
0.005529439708696579,0.9551757812500001,1277.5608191490173,128,0.0055675790491273025,shap,kernel,iid,Not needed,Not needed,Not needed,128.0,0.00023746490478515625,128
0.006631035916182145,0.9062500000000001,1282.2862467765808,128,0.004405566031783992,shap,kernel,iid,Not needed,Not needed,Not needed,128.0,0.00023436546325683594,128
0.005904084871410992,0.9276367187500001,1250.425030708313,128,0.0028783644932983687,shap,kernel,iid,Not needed,Not needed,Not needed,128.0,0.0002110004425048828,128
0.0035443251576030253,0.9539062500000001,1266.0139427185059,128,0.003784973838618866,shap,kernel,iid,Not needed,Not needed,Not needed,128.0,0.00021004676818847656,128
0.008367941209899926,0.9097656250000001,1294.5194702148438,128,0.008072610241242284,shap,kernel,iid,Not needed,Not needed,Not needed,128.0,0.00021028518676757812,128
0.0057862175941419906,0.9324218750000001,1245.4280440807343,128,0.0039033358209515923,shap,kernel,iid,Not needed,Not needed,Not needed,128.0,0.00021886825561523438,128
0.00461732313034654,0.9478515625000001,1284.9280350208282,128,0.0029500411787048986,shap,kernel,iid,Not needed,Not needed,Not needed,128.0,0.00021004676818847656,128
